https://pic.vidb365.com/uploads/posts/2025-12/ne-trahnut-blondessu-slozhno-potomu-chto-ona-tak-hochet.jpg,"Не трахнуть Блондессу сложно, потому что она так хочет секса!",http://x.porno365.directory/movie/47446
https://pic.vidb365.com/uploads/posts/2025-12/mamashki-peretrahalis-s-pasynkami-v-volshebnuyu-rozhdes.jpg,Мамашки перетрахались с пасынками в волшебную рождественскую ночь...,http://x.porno365.directory/movie/47445
https://pic.vidb365.com/uploads/posts/2025-12/krasivaya-speys-ledi-kak-sladkiy-podarok-v-rozhdestvens.jpg,Красивая Спейс Леди как сладкий подарок в Рождественскую ночь...,http://x.porno365.directory/movie/47444
https://pic.vidb365.com/uploads/posts/2025-12/esli-chuda-net-v-prirode---pasynok-pomozhet-vrode.jpg,Если чуда нет в природе - пасынок поможет вроде!...,http://x.porno365.directory/movie/47443
https://pic.vidb365.com/uploads/posts/2025-12/pomog-svodnoy-sestre-zanyavshis-s-ney-seksom-posle-yogi.jpg,"Помог сводной сестре, занявшись с ней сексом после йоги...",http://x.porno365.directory/movie/47442
https://pic.vidb365.com/uploads/posts/2025-12/esli-hochesh-v-popu-chlen-to-dlya-tebya-nichego-nevozmo.jpg,"Если хочешь в попу член, то для тебя ничего невозможного нет...",http://x.porno365.directory/movie/47441
https://pic.vidb365.com/uploads/posts/2025-12/esli-on-trahaet-tebya-v-popu-a-ty-bez-nego-ne-mozhesh-z.jpg,"Если он трахает тебя в попу, а ты без него не можешь жить - это любовь!",http://x.porno365.directory/movie/47440
https://pic.vidb365.com/uploads/posts/2025-12/kogda-vse-tvoi-dyrki-rabochie-parnyam-takoe-nravitsya.jpg,"Когда все твои дырки рабочие, парням такое нравится",http://x.porno365.directory/movie/47439
https://pic.vidb365.com/uploads/posts/2025-12/predki-podrugi-v-magazin-a-ya-ee-na-shishku-bratcy.jpg,"Предки подруги в магазин, а я ее на шишку, братцы!",http://x.porno365.directory/movie/47430
https://pic.vidb365.com/uploads/posts/2025-12/meri-mur-so-svodnym-bratcem-ukrashayut-elku-kak-mogut.jpg,Мэри Мур со сводным братцем украшают елку как могут...,http://x.porno365.directory/movie/47434
https://pic.vidb365.com/uploads/posts/2025-12/dvum-grudastym-blondinkam-vpolne-dostatochno-bol-shogo-.jpg,Двум грудастым блондинкам вполне достаточно большого члена и бурного секса с ним...,http://x.porno365.directory/movie/47432
https://pic.vidb365.com/uploads/posts/2025-12/simpatichnaya-repetitorsha-podsela-na-chlen-podopechnog.jpg,"Симпатичная репетиторша подсела на член подопечного и всего, что с ним связано!",http://x.porno365.directory/movie/47436
https://pic.vidb365.com/uploads/posts/2025-12/vozbudilsya-na-pis-ku-sestry-konchil-na-ee-zhopku-i-cht.jpg,"Возбудился на письку сестры, кончил на ее жопку и что дальше?!...",http://x.porno365.directory/movie/47438
https://pic.vidb365.com/uploads/posts/2025-12/obed-na-den-blagodareniya-i-teper-ona-lyubovnica-shefa-.jpg,Обед на День благодарения и теперь она любовница шефа мужа...,http://x.porno365.directory/movie/47431
https://pic.vidb365.com/uploads/posts/2025-12/martin-spell-vpolne-po-zakonu-zharit-19-letnyuyu-podrug.jpg,Мартин Спелл вполне по закону жарит 19-летнюю подругу...,http://x.porno365.directory/movie/47429
https://pic.vidb365.com/uploads/posts/2025-12/prishla-v-gosti-k-podruge-i-poluchila-ot-toy-sving-s-po.jpg,Пришла в гости к подруге и получила от той свинг с подачи ее мужа,http://x.porno365.directory/movie/47433
https://pic.vidb365.com/uploads/posts/2025-12/krasivaya-macheha-seksom-lechit-na-kuhne-dushevnye-trav.jpg,Красивая мачеха сексом лечит на кухне душевные травмы пасынка...,http://x.porno365.directory/movie/47437
https://pic.vidb365.com/uploads/posts/2025-12/pyshnaya-begun-ya-zamechatel-no-begaet-i-trahaetsya-toz.jpg,Пышная бегунья замечательно бегает и трахается тоже!...,http://x.porno365.directory/movie/47435
https://pic.vidb365.com/uploads/posts/2025-12/maykl-f-i-podrugi-dlya-druzheskoy-urinoterapii.jpg,Майкл Ф. и подруги для дружеской уринотерапии...,http://x.porno365.directory/movie/47428
https://pic.vidb365.com/uploads/posts/2025-12/pri-torge-za-korporativ-na-ng-glavnoe-ne-progadat.jpg,При торге за корпоратив на НГ главное не прогадать!,http://x.porno365.directory/movie/47427
https://pic.vidb365.com/uploads/posts/2025-12/kaliforniya-beybi-ne-mozhet-ne-izmenyat-i-horosho-esli-.jpg,"Калифорния Бейби не может не изменять и хорошо, если все обходится!...",http://x.porno365.directory/movie/47420
https://pic.vidb365.com/uploads/posts/2025-12/seksual-naya-klinersha-soglasilas-na-podrabotku-za-dopo.jpg,Сексуальная клинерша согласилась на подработку за дополнительную плату,http://x.porno365.directory/movie/47418
https://pic.vidb365.com/uploads/posts/2025-12/seksual-naya-zhena-i-ee-pohotlivyy-muzh-na-paru-trahayu.jpg,Сексуальная жена и ее похотливый муж на пару трахают новую секретаршу на кастинге...,http://x.porno365.directory/movie/47417
https://pic.vidb365.com/uploads/posts/2025-12/goryachaya-latinka-armani-blek-zazhigaet-s-dvumya-parny.jpg,Горячая латинка Армани Блэк зажигает с двумя парнями,http://x.porno365.directory/movie/47419
https://pic.vidb365.com/uploads/posts/2025-12/devushku-iz-tindera-zhestko-trahayut-poka-ta-ne-konchit.jpg,"Девушку из Тиндера жестко трахают, пока та не кончит!...",http://x.porno365.directory/movie/47422
https://pic.vidb365.com/uploads/posts/2025-12/kol-est-u-saty-para-sis-to-budet-vse-tam-zae-is.jpg,"Коль есть у Саты пара сись, то будет все там зае@ись!",http://x.porno365.directory/movie/47423
https://pic.vidb365.com/uploads/posts/2025-12/menya-podruga-ponyala-i-potrahat-sya-dala.jpg,Меня подруга поняла и потрахаться дала!,http://x.porno365.directory/movie/47424
https://pic.vidb365.com/uploads/posts/2025-12/sochnaya-al-tushka-skin-chetko-ottyagivaetsya-v-murinsk.jpg,Сочная альтушка Скин четко оттягивается в муринской заброшке!,http://x.porno365.directory/movie/47426
https://pic.vidb365.com/uploads/posts/2025-12/opozdal-druzhok-no-vse-zhe-budet-seks-i-on-pomozhet.jpg,"Опоздал дружок, но все же будет секс и он поможет...",http://x.porno365.directory/movie/47425
https://pic.vidb365.com/uploads/posts/2025-12/devushki-zanimayutsya-seksom-so-svodnym-bratcem-ili-dru.jpg,Девушки занимаются сексом со сводным братцем или  друг с другом!,http://x.porno365.directory/movie/47421
https://pic.vidb365.com/uploads/posts/2025-12/devushki-studentki-sovershili-krazhu-v-tc-i-ves-ma-zare.jpg,Девушки-студентки совершили кражу в ТЦ и весьма зарекомендовали себя...,http://x.porno365.directory/movie/47416
https://pic.vidb365.com/uploads/posts/2025-12/s-literaturoy-ya-nikak-a-vot-s-negrom-s-bol-shoy-eldoy-.jpg,"С литературой я никак, а вот с негром с большой елдой - да как он хочет!",http://x.porno365.directory/movie/47415
https://pic.vidb365.com/uploads/posts/2025-12/s-mamkoy-pod-elkoy-krugom-argentinskaya-zhara.jpg,С мамкой под елкой! Кругом аргентинская жара,http://x.porno365.directory/movie/47408
https://pic.vidb365.com/uploads/posts/2025-12/podruga-poprosila-menya-gryazno-trahnut-ee-vprochem-ona.jpg,"Подруга попросила меня грязно трахнуть ее, впрочем она могла и не просить...",http://x.porno365.directory/movie/47410
https://pic.vidb365.com/uploads/posts/2025-12/ya-ne-doveryayu-bankam-no-doveryayu-svoi-dyrki-professi.jpg,"Я не доверяю банкам, но доверяю свои дырки профессиоАНАЛАМ",http://x.porno365.directory/movie/47405
https://pic.vidb365.com/uploads/posts/2025-12/a-ved-mogli-oblit-kraskoy-a-tak-prosto-poimeli.jpg,"А ведь могли облить краской, а так просто поимели",http://x.porno365.directory/movie/47409
https://pic.vidb365.com/uploads/posts/2025-12/novogodnie-kanikuly-v-al-pah-chto-tam-delaet-piterskiy-.jpg,"Новогодние каникулы в Альпах, что там делает питерский полупокер?",http://x.porno365.directory/movie/47407
https://pic.vidb365.com/uploads/posts/2025-12/v-novom-godu-pust-vas-okruzhayut-tol-ko-krasivye-popoch.jpg,В новом году пусть вас окружают только красивые попочки,http://x.porno365.directory/movie/47406
https://pic.vidb365.com/uploads/posts/2025-12/trahayu-v-popu-novogodniy-podarok-zheny.jpg,Трахаю в попу новогодний подарок жены...,http://x.porno365.directory/movie/47414
https://pic.vidb365.com/uploads/posts/2025-12/ne-rabotaet-ruka-no-s-chlenom-vse-nishtyak-poka.jpg,"Не работает рука, но с членом все ништяк пока!...",http://x.porno365.directory/movie/47413
https://pic.vidb365.com/uploads/posts/2025-12/sindikat-otrastila-zhopu-i-kazhetsya-nauchilas-trahat-s.jpg,"Синдикат отрастила жопу и, кажется, научилась трахаться!...",http://x.porno365.directory/movie/47412
https://pic.vidb365.com/uploads/posts/2025-12/trudnosti-novogo-kollektiva-prinyala-uchastie-v-studenc.jpg,Трудности нового коллектива! Приняла участие в студенческой оргии,http://x.porno365.directory/movie/47411
https://pic.vidb365.com/uploads/posts/2025-12/prishla-na-svidanie-k-odnomu-a-vstavil-drugoy.jpg,"Пришла на свидание к одному, а вставил другой",http://x.porno365.directory/movie/47404
https://pic.vidb365.com/uploads/posts/2025-12/komu-to-pervogo-yanvarya-huzhe-chem-vam.jpg,Кому-то ПЕРВОГО января хуже чем вам,http://x.porno365.directory/movie/47403
https://pic.vidb365.com/uploads/posts/2025-12/ya-tak-ustal-ot-semeynoy-zhizni-trahayas-s-hottisdva.jpg,"Я так устал от семейной жизни, трахаясь с ХоттисДва",http://x.porno365.directory/movie/47395
https://pic.vidb365.com/uploads/posts/2025-12/ya-tak-gluboko-voshel-v-19-letnyuyu-koreyanku-chto-poch.jpg,"Я так глубоко вошел в 19-летнюю кореянку, что почувствовал ее матку языком...",http://x.porno365.directory/movie/47393
https://pic.vidb365.com/uploads/posts/2025-12/sygral-s-sestriceyu-v-igru-i-trahnul-v-zhopu-kak-mogu.jpg,Сыграл с сестрицею в игру и трахнул в жопу как могу!,http://x.porno365.directory/movie/47402
https://pic.vidb365.com/uploads/posts/2025-12/est-kuporovaa-krupa---lyublyu-ee-trahat-izredka.jpg,Есть Купороваа Крупа - люблю ее трахать изредка...,http://x.porno365.directory/movie/47397
