https://pic.vidb365.com/uploads/posts/2025-12/kaliforniya-beybi-ne-mozhet-ne-izmenyat-i-horosho-esli-.jpg,"Калифорния Бейби не может не изменять и хорошо, если все обходится!...",http://x.porno365.directory/movie/47420
https://pic.vidb365.com/uploads/posts/2025-12/predki-podrugi-v-magazin-a-ya-ee-na-shishku-bratcy.jpg,"Предки подруги в магазин, а я ее на шишку, братцы!",http://x.porno365.directory/movie/47430
https://pic.vidb365.com/uploads/posts/2025-12/podruga-poprosila-menya-gryazno-trahnut-ee-vprochem-ona.jpg,"Подруга попросила меня грязно трахнуть ее, впрочем она могла и не просить...",http://x.porno365.directory/movie/47410
https://pic.vidb365.com/uploads/posts/2025-12/s-mamkoy-pod-elkoy-krugom-argentinskaya-zhara.jpg,С мамкой под елкой! Кругом аргентинская жара,http://x.porno365.directory/movie/47408
https://pic.vidb365.com/uploads/posts/2025-12/seksual-naya-klinersha-soglasilas-na-podrabotku-za-dopo.jpg,Сексуальная клинерша согласилась на подработку за дополнительную плату,http://x.porno365.directory/movie/47418
https://pic.vidb365.com/uploads/posts/2025-12/a-ved-mogli-oblit-kraskoy-a-tak-prosto-poimeli.jpg,"А ведь могли облить краской, а так просто поимели",http://x.porno365.directory/movie/47409
https://pic.vidb365.com/uploads/posts/2025-12/ya-ne-doveryayu-bankam-no-doveryayu-svoi-dyrki-professi.jpg,"Я не доверяю банкам, но доверяю свои дырки профессиоАНАЛАМ",http://x.porno365.directory/movie/47405
https://pic.vidb365.com/uploads/posts/2025-12/trahayu-v-popu-novogodniy-podarok-zheny.jpg,Трахаю в попу новогодний подарок жены...,http://x.porno365.directory/movie/47414
https://pic.vidb365.com/uploads/posts/2025-12/novogodnie-kanikuly-v-al-pah-chto-tam-delaet-piterskiy-.jpg,"Новогодние каникулы в Альпах, что там делает питерский полупокер?",http://x.porno365.directory/movie/47407
https://pic.vidb365.com/uploads/posts/2025-12/trudnosti-novogo-kollektiva-prinyala-uchastie-v-studenc.jpg,Трудности нового коллектива! Приняла участие в студенческой оргии,http://x.porno365.directory/movie/47411
https://pic.vidb365.com/uploads/posts/2025-12/sochnaya-al-tushka-skin-chetko-ottyagivaetsya-v-murinsk.jpg,Сочная альтушка Скин четко оттягивается в муринской заброшке!,http://x.porno365.directory/movie/47426
https://pic.vidb365.com/uploads/posts/2025-12/menya-podruga-ponyala-i-potrahat-sya-dala.jpg,Меня подруга поняла и потрахаться дала!,http://x.porno365.directory/movie/47424
